enhancer	fragment	sequence	start	end	length
Cab-1	ctrl	TAAGCCAGCGGACTCTTTCGA	109	129	21
Cab-1	a	AAAAGCTGGTCCAGTCACG	140	158	19
Cab-1	b	CTAACCATAGCCACAAGTACA	169	189	21
Cab-1	bc	CCCTAACCATAGCCACAAGTACATCTCATCCATTT	167	201	35
Cab-1	c	AGTACATCTCATCCATTTA	184	202	19
Cab-1	d	TCTGCGTGCACCAATGGCATCCAAG	208	232	25
Cab-1	de	CTGCGTGCACCAATGGCATCCAAGCTGCAGATTTCTTTTCA	209	249	41
Cab-1	e	AAGCTGCAGATTTCTTTTC	230	248	19
AB80	a	GAGTCATATATCCATAAGAATCC	157	179	23
AB80	b	AGTCACACATGGAAGAGCA	184	202	19
AB80	bc	ACAGTCACACATGGAAGAGCAGCATTGGATACA	182	214	33
AB80	c	AAGAGCAGCATTGGATACA	196	214	19
AB80	d	TGATATGAAGATTTTGATCCATG	217	239	23
rbcS-E9	a	TCTTACACGTGGCATTA	101	117	17
rbcS-E9	ab	ATCTTACACGTGGCATTATTATCCTATTGGT	100	130	31
rbcS-E9	b	GCATTATTATCCTATTG	112	128	17
rbcS-E9	abc	TCTTACACGTGGCATTATTATCCTATTGGTGGCTAATGATAAGGTTA	101	147	47
rbcS-E9	c	GGCTAATGATAAGGTTAGCAC	131	151	21
rbcS-E9	d	TTCAATCTTGTGTGGTTAATATGAC	161	185	25
rbcS-E9	de	CTTGTGTGGTTAATATGACTGCAAAGTTTATCATTTTCA	167	205	39
rbcS-E9	e	GACTGCAAAGTTTATCATTTT	183	203	21
AB80	d_rand	TTTCAATACAATGTAATGTGGTG	217	239	23
